English,
CG,
CG Holdings,
Chaudhary Group,
Arun Chaudhary,
Binod Chaudhary,
Basanta Chaudhary,
Karan Chaudhary,
Shila Chaudhary,
Suryansh Chaudhary,
Nirvana Chaudhary,

Suzuki,
CG Money,
CG Properties,
CG Automobiles,
CG motocorp,
CG Motors,
CG Finance,
CG Hotels and Resorts,
CG Hotels,
Maruti Suzuki,
NXT GEN,
Meraki,
Tigerland Safari,
Crowne Plaza,
Lemon Tree,
Nepal Lube oil,
Gulf,
Wheels Auto,
Associate Automobiles,
Surya Automobiles,
Excel College,
Kathmandu World School,
CGIM,
Premier College,
CG Villas,
CG Village,
CG Landscape,
Ninja Beer,
Kathmandu Beer,
Iceberg Beer,
Himalayan Beer,
Cook,
Tripti,
Chef,
NXT GEN hire purchase,

Hyundai,
Kia,
Renault,
tata,
BYD,
Mahindra,
Datsun,
Nissan,
Wuling,
Great Wall Motors,
Skoda,
Subaru,
Foton,
Ford,
JAC,
Jeep,
Peugeot,
Citroen,
Mitsubishi,
Toyota,
Force,
changan,
neta V,
honda,
MG,
Isuzu,
Volkswagen,
servo,
veedol,
mak,
PLO,
Finance,
Auto Loan,
Home Loan,
Interest rate,
Letter of Credit,
Down payment,
Bankrupt,
Loan Default,
corruption,
Bankrupt,
infringement,
credit,
Liquidity,
Credit crunch,
Foreign reserve,
Policy,
Trade,
import,
Export,
customs,
Duty,
Import duty,
taxation,
Liquidity,
Purchasing power,
crude oil,
petrol,
Diesel,
private sector,
Public sector,
Price rise,
product launch,
Housing,
Rent
Construction
 hotels
 resort
 Brewery
Distillery
 Beer
 Vodka
Whiskey
Alcohol
FMCG
Industry
retail
wholesale
cars
 SUV
 Luxury
 businessman
billionaire
real estate
education
college
 students
